Avg Area Income,Avg Area House Age,Avg Area Number of Rooms,Avg Area Number of Bedrooms,Area Population,Price
67450.71229516849,6.852355095063283,8.399355436586003,4.778361076166638,23248.217250256184,374631.7516441093
57926.03548243223,8.818833280940261,7.924633682912769,3.4488142836714664,28554.81329284482,375278.7094296244
69715.32807151039,2.2028648523617176,7.059630369920174,3.181801116577693,22075.800790000387,313674.9045690722
82845.44784612038,6.125938473381142,6.353063222294426,3.996625542589048,26920.384703609598,397272.6975309645
56487.69937914996,3.698714861756346,7.69822331361359,3.8298153774750716,11063.853330462145,263877.19547337777
56487.945645762295,4.0257492324706075,7.39348538542175,3.5467719506727247,32132.937073729387,309794.06893811637
83688.19223261088,3.8152121515222617,7.895193220027732,4.696387447456715,30012.054753622244,427600.49296843907
71511.52093729364,3.2720184606403677,7.635171801681969,4.955305208570511,21829.113689318096,351446.2400298395
52957.88421097572,5.097043255889654,8.049552715319335,4.088406886291847,36592.456684324054,317942.83224757196
68138.40065378947,3.3380997671779244,6.464764788439432,5.477530081055262,39375.701376265584,346601.9069225508
53048.734607813065,5.540913651559678,8.317394065634325,2.858310885866495,13924.401356310258,294526.39576874604
53014.05369644615,4.899523781101726,7.1975996046924,3.806340540720282,22372.75221433786,301856.2304077136
63629.43407349051,4.522103906267181,9.075260872625265,3.283177679397195,22308.57650212702,338157.9923624917
31300.79633013303,3.1848726759168042,6.310812181910432,2.13346338292694,20600.968988911354,200224.4834672589
34126.23251230451,3.8464573388633347,8.73596380316525,3.9173193141573006,38294.74841931748,267692.6828082937
51565.68706138541,6.510782451651512,7.197910783462648,3.8782524916167165,28061.738612271965,322953.21706735546
44807.53319498364,6.0018343752487615,6.348581996385551,5.5134497432421306,27354.851586893892,292779.3860425716
64713.709988929106,3.044889510402898,6.5161141659456785,4.630811684554778,9961.376355932465,264161.96825404384
46379.638867181835,5.198664610858452,6.67965269180568,2.975813175670795,36354.18030209227,300885.81681893254
38815.444479970625,6.502774246743578,7.424165946401916,5.854092566334188,17607.416051465276,257003.858532353
81984.7315338233,1.6611894377572565,7.5228354880355,5.221033695525353,30599.32630266328,373573.10060468235
56613.355492701965,6.08672038475987,6.426299996061421,4.582097703468616,32773.769379581914,367403.09449814685
61012.92307031886,3.674752482108307,6.975645407739017,3.773515901150168,43606.58595838651,353099.54144455114
38628.77720679815,6.141197337186319,9.142270358611864,3.0405607632765204,16911.79600880888,259779.0734677638
51834.25913212226,3.4734816869149663,8.727543170100711,3.627793223928947,-195.121558208255,249958.6684672339
61663.83884564799,1.390235798670962,7.4363236696740325,5.088748619704186,31838.49544753695,314756.85987859813
42735.09633866546,1.7449151242336747,7.0380034781682,5.884586305934609,48005.11181510854,292824.7987957789
65635.47027518509,5.096169893322764,7.120031326718261,5.543243528272189,42389.46352939437,385402.186439864
50990.419651217926,5.519445003442963,7.613517972730417,3.511150578213726,32096.594152746256,338014.2239619508
55624.593753100846,3.191366749791183,5.977207434801595,2.880382566710989,25083.638143679527,273292.6429987442
50974.40081655905,6.277184917554748,6.742623462576655,4.1408862469112035,38071.2259663731,338568.71413279104
87784.17276763407,1.6769598754620803,5.3314159261224106,2.231560634437148,20264.538002955313,342507.5826631047
59797.541628930994,4.867840402705367,7.399223122605279,4.323167714184781,34763.57769356219,348795.7618057895
44134.3360656615,2.5779676004750867,7.647195939702741,3.8523974137013313,35054.70159166627,265045.99679612333
72338.17368154784,3.696327784395682,6.516813537700626,3.5339634981317576,40602.0990749888,370660.3235872937
41687.345250434664,5.094797342632828,8.573986763290034,2.4052969327332043,57596.600389110776,335932.83849539136
63132.95392507133,3.2791732694320954,5.774234336997659,4.513600106569717,33924.15967178767,337695.4529046851
30604.948141803365,4.230888911540349,5.53562511979018,3.4672991603380887,24910.363742925012,227741.72938571483
40077.20926652354,7.012585618428881,7.224451818559972,2.8300831642897117,29744.256878080054,279171.24939693493
62952.91853803685,3.8462162609537023,8.047098302612154,1.1277377867183507,12309.240951108819,294979.70832236117
71076.99869993115,6.671384224130284,8.68392769145787,3.9724850949493637,23052.86868910942,370319.3858190115
62570.524217849554,2.740586290684764,6.54111573713106,5.772251596669744,25907.17561886896,298596.81957037566
58265.27576417639,6.059608355830566,8.078680833431296,5.66125921454787,24759.116020654074,334455.89498415147
55483.444566160666,7.883137241315801,6.961491530499293,3.5429037434137283,31523.54872033722,347137.24080708023
37822.17014448859,0.056710999745421375,6.82737270005918,3.3977879396382193,21775.800676177994,222784.82602630355
49202.33687407937,3.406209489059046,7.883659937486672,4.468774256075024,41210.30667324472,316775.16531250835
53090.41843560319,6.15414425436108,7.65232287841342,3.0016145608117086,30002.07064918197,311305.50765493244
75856.83339328374,4.593909227914015,5.42360784301575,4.301791899819466,29906.996788613855,363397.4690092273
65154.27434352692,5.742291746742618,8.476540349725896,4.76608027838469,26721.05283487082,368456.54142744147
33554.397669558995,3.792029626568359,8.380091354147451,5.226933223884307,31551.90683858979,274926.0538987453
64861.25954092192,5.1731795749458,6.374437298490471,3.899845923520047,38250.98264667635,346629.5848826893
54223.76579375525,4.688645529215841,7.395803533437409,3.796326249823034,21328.697842890997,277987.5746746489
49846.169995410615,7.335564123319615,7.494030186282739,3.122017413243439,23418.835109247433,332155.6589495413
69175.14433261301,5.508841686602426,7.260673765823907,3.17311964596014,26962.739712233353,363085.0791830789
75464.99283743926,5.675205324150404,6.44969484615458,3.7735211080984734,16541.29076526785,347342.20241256367
73969.20178674298,4.1762460677550655,6.328376632061948,4.367365506816178,21807.421402785025,353007.81387851614
47411.73715166042,4.024787551855013,6.974445929008555,4.913584626233249,25237.79126455341,251300.5910099787
55361.81436223178,4.134883624360758,8.172729019259364,3.196821049319655,38743.89180712728,332213.1052054652
64968.95147105346,5.788904284756594,7.543600154594432,5.4926885689595215,32625.61329001925,370028.7134800869
74633.17690683539,4.158031038359474,6.629385667913894,3.728876398957431,31935.899113675445,379199.0218643144
52812.38643232065,5.579549713792826,7.771698710648344,3.978632705651564,38508.979621679726,327927.4151198691
57215.115350042746,9.150801597290878,4.1514573793699245,3.2527883208521766,28626.282116006034,348525.66140763665
43404.97538990958,6.742249406863385,8.148765700372103,1.5757597397270584,33904.648499288895,300087.8189576592
42056.90063878994,4.347952935664318,5.2602862212219,4.884045396361049,28967.782470675036,266209.15566993784
72187.88733591296,7.40242784432789,6.637559058596868,4.736843897092434,32653.623493996285,389603.2073025494
80343.60042856235,4.183849253956897,5.880330105373856,3.7186724428817866,24172.41342388418,363972.10769405507
58919.848176294996,0.9237509296442923,5.705318524279094,4.066990717224872,5611.828417235709,223923.1307677423
75052.99346838036,2.983827378165192,8.16082678737852,4.5159392177041,28657.20837813696,368659.04573360423
65424.54037571451,1.2584161579482886,6.5322987986881085,2.4374541431134573,44227.4813609994,343433.65887485933
50323.203680923136,4.296973031917383,7.346503881730715,3.4709473226537053,39262.154022415925,313791.8577611619
65420.934082626205,5.036836758379104,6.953079421120816,4.794264679621827,39653.97484591171,370675.425937941
83070.54849698953,8.352874624550566,7.477040827223122,2.7457105768307506,42361.30721806218,445853.7173160403
59462.60941335073,5.653854747528325,7.076821891060256,4.293557932166629,30886.575909614374,337673.9863741308
83469.6548372101,4.561798942382271,5.71700777581143,2.643418195376595,31973.157074055955,393343.09718295786
20703.82343865383,6.658811162366979,7.99626681944714,4.466429982433526,23823.4810456565,251468.66900334682
72328.53756562836,0.5777293819842297,6.506243416838688,3.9643585177025162,26839.271439729502,305781.71325804316
61305.706023572566,5.471229116217132,5.443418101340249,2.3848681840944908,36157.71149771142,357573.4314907265
55514.88974301199,6.541730387773933,6.571884839034087,5.164739354457171,42038.84437168816,369197.15248889447
61376.41164803253,2.042827508440317,8.50075979063431,3.2654084232019507,28605.537243190003,313609.56435935764
30186.46628098661,7.287508086413858,7.850221742113493,3.189747562985619,25498.107351485884,277647.5030885602
56704.92168243732,5.676992814988829,6.6513478655921405,4.2005691972309425,30005.279588565973,332274.1848228234
65356.6885726762,4.169424172198397,6.650742295681571,5.148637349428715,36012.06748929115,357231.02055253944
82168.41067112274,6.26556373221257,6.678364948782617,2.984178181021603,15561.451838664581,379112.74758860393
52225.94672589529,9.541385715608792,9.076747983560841,4.061679849847971,7038.1904686276175,331910.8667127154
47872.595956602185,5.36373251011699,7.381935452231553,4.428816500330573,24494.631505084166,302976.37858107255
52473.64434623195,5.496441172600672,7.43004164719107,4.693105607263144,17792.875740858413,288250.74282193894
73731.03176553111,4.081278200919511,8.030283454031842,4.176441555277226,24918.59802352689,347154.90178756823
64931.266644895266,3.3003112610704166,7.238789159026513,3.632972160916678,28522.196811825284,326271.3899120499
52053.59694349442,6.660671633088491,6.740957854179297,3.1724097793512804,25467.515909769867,305751.7621665305
67699.01149670035,3.2878323481822656,6.803650150915022,4.0861438830463745,44524.67534470745,366580.0014358529
61456.16324022061,5.143132474438785,6.928398740585936,2.927860988014393,33267.4476460232,355206.806782896
74529.67485799333,4.044685106469767,6.962777763490158,1.0786495165053926,33004.74359610828,362443.53413048794
49469.203591839716,5.957959651492784,7.72762954363698,4.4365598041576675,36222.07144043402,327514.38368469954
55085.067801033474,5.667324210573897,7.051945885807299,4.903934841086195,18611.66882219231,304799.6096125168
54118.377703017635,7.075079888515798,7.73264007721558,1.6370675644581616,40391.11787420268,364309.81207966333
38047.27577801822,3.979967202290506,6.919283419891418,2.9902692952900622,29242.3571346454,230534.27597644168
64441.80415596864,4.460250129413257,7.07863519031609,4.619154261005198,36704.80617241212,349902.0076328006
63915.82908269834,3.042472568435385,5.001799315467892,6.057495469711698,19281.427669598444,299971.89271120337
60076.70184963691,4.111413479847776,7.916327674702481,4.020793707675408,14462.412339839357,309893.080380199
56481.1929993728,5.754600986089704,7.346488475897993,3.2719970587708653,38178.896580250286,341704.79404148564
38769.438869243786,6.513977233290704,7.998010109859652,3.81710355889516,33764.09526097517,277835.0100692586
53690.320158519615,3.1556693516447494,4.10374462180631,5.374876419148185,20979.484456424896,272052.21331184544
54859.282252098456,6.73921184021132,9.088374704780728,3.3540358208754646,21303.369187253054,320373.02481031296
47965.84096167571,7.711275717609902,6.860410371844826,3.2008079933497466,41254.34784414769,332325.9770044416
57580.71432500986,5.826869806447402,8.108182816737516,3.5172564778179676,18105.881071326723,308554.57632434834
66060.76285221807,8.753591625116131,5.960094072874469,3.0466713917412878,46426.729532559635,412620.22344423126
88292.78851815795,3.452421601792854,7.61277390506257,4.122670315994796,20993.792653521312,381651.9303913653
62618.66719247759,2.510690593377166,5.946584436826344,5.62467845846956,36383.91925608383,304657.3645534522
63863.25586084147,1.4425595021914428,6.376231039304195,4.323079273116029,26713.815242510154,308940.96880108345
58883.311263507494,7.9920886229783665,8.914031353866786,3.7476464978737125,36031.874310823434,393448.76881982153
31218.431770514377,6.308731312708115,6.809317599236653,3.708188731084456,24558.859978858076,253838.5137680877
59602.291868261746,4.8888306581790895,7.217432873179723,2.436809191303343,28372.07093927706,314023.25010938745
60903.4531491154,5.5599372526396404,7.8700677306887545,4.883109777147159,30409.19175395721,346229.7583499199
96948.6316872793,2.749021905403247,7.495681887972605,3.9221628029871978,19978.125442185272,403549.88689378375
57114.58552828316,9.891503959233653,7.150418905143576,3.8195200864093746,37408.243454201256,394454.3616797443
64523.210135004185,5.258442363950455,7.3649610024662255,7.19310756784486,24867.864335284146,353784.2077502871
59479.32345442135,5.218789589209786,9.403415585238275,4.298752908365686,27714.000846599814,334326.7137036993
42469.82943570702,6.451533247797384,6.9423812029664145,3.2482089499048157,20056.50625391488,274066.11277170194
77142.34221772531,5.962018463473426,7.201099046714967,3.5736424037944565,4376.663412046895,347526.1221993201
71278.9954903016,5.447768048558263,8.050654396007612,5.148445709196755,28089.72237399831,389602.49832438334
71865.47920564571,3.4190510891093764,8.105525932957985,4.113270410537765,54126.15421612916,413838.4928244019
46359.18817807891,5.942936714271991,8.18703030556038,2.561722021682633,37846.04287898024,328148.17987983953
81041.91466404148,8.764048992950068,7.638730222029185,4.919228934575203,29807.396202656055,439251.4015855272
38972.23405811579,7.690840092309955,5.8569950872695165,3.331855914461006,27371.091707917323,298620.5652305862
68802.85640700406,8.186373253278795,8.633431532301096,5.873297776217545,30224.658928120465,407733.00078357663
92856.83438714968,3.9775686471376295,5.853654606981312,5.0800480657146485,35471.1911517521,420106.06200092967
45141.955123039676,3.020790359482838,7.3026354652390335,3.5526781043412488,18191.871846911552,259669.7458939001
51505.53405595842,4.748426159800704,6.245724149980642,5.281016361735113,41143.21694668872,333056.9838580234
61494.77047631462,5.111449824577389,6.935861653407008,4.067855510527403,37153.81315441244,348291.0150603476
52447.86518825701,7.188383036941897,7.32876241030348,4.8527736751222195,37181.85725707935,345145.57017611805
36740.048534008005,1.6150707405703613,7.3213572154502735,4.484732817294475,34384.75738809727,243682.37494717006
61028.44462209041,8.059100638921228,7.421920754235285,3.1536433450091264,30196.1665769399,372117.4118232338
44065.44429410843,4.683984202842021,8.613711269058648,3.356450167682538,36728.6123596682,304247.7789670523
67103.88645952773,4.14623786010516,7.453534301513979,5.029960817581161,35918.14133741378,365051.0005316234
46208.63648649295,2.975791249479665,6.755843364709351,3.665224667893459,26459.592890589764,279412.2476405525
83249.01607526309,1.6902866562684613,7.964087168288358,3.5963515367580032,24263.98227103099,372906.4497678425
48251.20061495644,6.646341167923829,8.189470488924641,3.0448774206506473,31018.562952619868,322197.6026279221
55169.07725691487,5.146635934376808,5.7723921848630075,4.423599065593461,45490.20151495187,355076.25900759315
72202.75826054504,2.4200782005178922,7.597400069849858,6.062524919243145,17608.92924346099,315813.7264261962
41537.03525349067,2.409842455872768,7.701172742310899,2.932467085745727,15324.747342475599,227709.09338666493
63411.899019061944,4.328430601419743,6.702436496640008,4.024219456672758,31647.608412365167,356468.9047899903
79607.14131423642,8.338043050578786,8.37570681331162,5.412220555415429,30508.87701856018,433742.12470908277
35887.75148158159,4.48081729727279,6.849944412967473,3.920358608754285,31733.416643704084,249552.3607010359
62769.507877984564,1.9937140937637876,7.125576453471543,4.452371796249734,32439.531979085004,311136.4655036882
63898.24191372635,4.508513871828112,6.82692817571613,2.9376064718531203,27767.977453651947,321429.3428156271
71727.34307665966,4.454552860504659,7.015579047581467,4.428307097207648,44898.63438602082,385611.7169581128
41445.739336828774,-0.3937732858831433,5.903724913104798,3.812855734995451,13990.960215234845,181820.6606317392
40193.15080373586,4.8914102669643755,5.559949117405706,4.985729995679863,21715.02975219754,236639.14997184827
67829.12348425346,4.538130939582644,8.594505063224972,5.187386051564751,28967.452398509526,360307.0654043562
64454.77009849779,6.3924127296268365,6.153038651681673,6.589563642018614,13568.111888458327,337391.7536489904
63757.39275518815,8.69791218989069,6.008607650543693,4.579633173213575,28241.45595567929,364858.9548735063
65196.72314245463,7.253130059095515,4.846609886396285,4.325796316582166,46614.70165728018,409428.3546344428
49799.62917632264,4.462222618890339,6.361038252310498,4.194384301577336,30208.864882959617,299740.7242337736
63483.80545741505,2.7869481825166593,5.676910206592502,3.6468337071893115,32307.009057186835,328918.94061536714
64396.08709948022,10.14671960649972,8.642015160136369,4.338483843461691,17398.352348274195,374760.86000907014
49284.72872960448,5.118436868028977,8.009817089342635,3.7045985898609706,23836.385919605225,302714.86160541495
87986.61766717135,5.027858583825893,6.311849654822276,4.168460976269614,26248.03619676063,395711.34245599166
67107.49381367682,4.951749825779993,9.252435805344309,5.31759753560796,26822.849032437658,370285.5268700083
42130.44754196027,5.39616952153571,7.981765486991594,2.9934574347203586,42816.43795003769,313600.04944364727
69848.30412950745,4.711279176152115,6.675168616491377,5.139878561129045,35576.910607251244,376999.6377691088
45379.77494659018,3.8526759862395275,4.500594285126427,5.3171150673398655,18885.42043062968,233818.1810674885
71806.26905613678,3.9062821175192157,9.290942572590742,3.881931473008921,32465.04778432005,364679.60129844805
77378.93368511106,4.934493459568003,5.610427533236404,1.8781451009914054,34982.21748496785,389226.8806716476
47689.76522472434,3.91315045773247,5.354601253043108,3.3921780129055676,41401.490385212666,289077.66327070777
74450.64193866483,3.5743084346456713,8.02257043200964,5.296994546561109,45805.40686568373,406044.72806798026
66191.71390404747,5.212860455383794,9.439752406339274,3.977131937701118,19849.058081721312,331883.51027191913
72330.90239991735,4.490045565158289,8.384272818510517,3.0006977677050894,21891.424887896617,362080.5143817577
88451.89473980921,8.007985977165378,7.56390912005236,3.4952250787717825,17424.22141085384,412768.7494229094
56319.17825995694,-0.301939616786024,7.594754341665286,4.840620026504553,27659.801408930187,274435.75256800174
48693.95753463766,7.1830137038449235,7.853415558780307,4.546733568201379,34663.58374446334,341856.03139805316
46657.28355561715,7.492170384995259,7.758928589786765,3.7610679008303056,39873.34516589102,333989.30541488476
47762.845725518426,0.8532195351837011,7.281191423969376,3.6331755881853125,29240.489763574773,259794.28602260663
58843.47435878844,4.314624811839303,7.104201103951876,3.608241850956178,26801.52476745156,318621.6325846688
65117.279622249654,4.257118268008417,6.937406872100477,3.0775898155014976,31517.579922487403,336411.97682138596
64150.36198995029,2.1849766105643575,6.246035411133324,5.615375689469442,21648.57098369977,289973.3756367374
72407.74873554036,3.444366624818249,6.719324923133226,3.67767953078866,50895.38721694773,374783.41364921664
60195.02837816861,2.7788483090683425,5.3070431858046145,5.217158520825496,13923.389728819413,276686.38112649904
81803.01115735975,8.504540886847245,6.90166037320525,5.521316051922451,31847.405788957243,424052.16017471673
56030.147501430656,6.871356786294922,6.011408892849083,4.9983108981479605,50236.06219229639,378283.24300678837
100802.53749884429,7.543110189988317,5.896410682784229,3.5683796872819515,30067.998445599977,471959.0419152786
69385.01021647509,6.44334412808647,7.179894151153478,4.40373009033661,28099.609649985054,380286.0499210826
47142.63665375576,2.7418964575655416,8.3920022863446,3.9758043936090837,26425.54577189573,268589.1313047567
43936.612529083315,3.9509594674404527,7.918316606002313,3.096298139269872,28196.08318237592,270201.30007148674
67237.08622864778,5.978749122455836,5.429499396376823,4.324359281721603,43728.4847467653,392070.6419922426
56648.05822011224,2.5557443822161092,6.010371863429662,2.8209602088401975,7881.38088670493,250308.74028157757
70710.00741138138,6.425996860344776,7.940771187988216,5.1876793884615635,45334.33701296325,420299.43915221037
67098.56436860317,4.5193492036837295,6.017512606461691,3.535382702701607,15760.42847549855,319861.04642944084
58907.56631014691,4.250358384900805,6.775366850002976,4.201159655872839,27333.476707655853,300816.66852445
47298.094228973925,6.421919936406983,7.550052099024552,4.283287871546142,25707.55579701338,311413.3166831032
37277.29162971203,5.88852662297208,6.031655545136365,3.741095026295923,35885.532697707196,286253.36223268096
53302.275718994686,4.278067668361841,7.10537550614596,4.586693801475275,14018.756481162523,265258.4506508429
72845.98191485209,7.318659606728496,5.665974505081795,3.5250963433774753,34621.726660819426,393907.255608902
63211.40616195306,2.8378733448002054,6.398632356048786,4.871297297457244,50243.09623286853,359841.8278984804
41313.918319320175,6.231871213888527,7.3197819341425365,2.6540203197532515,16368.259954071895,259558.96947119146
62597.71388776773,6.186202515936768,5.407006266468331,4.126379579546412,31897.061676103956,352075.6803319986
65779.76069593255,4.38090712137202,7.440474737960399,5.938928999058285,23380.17822203391,351302.60925181606
46742.138456983004,5.652266044484236,6.980362201073318,2.9996686753944255,34258.87206193036,316985.6355725358
62305.87658918292,2.497772847229394,7.5524899544171475,3.3222550294751487,30191.47777415752,303563.0816848797
60873.13077669,6.848054038413802,7.223914134064661,4.513907849658915,23585.130909556905,349638.2808060235
42855.44553254065,4.630195727114022,8.364140429973844,4.179581781939598,34878.72284871074,308094.9384752862
65366.81040522425,3.954553958961921,7.1252245026479075,4.350630099273559,48043.481097867436,379928.4009197056
68411.76789552352,7.098018451673779,6.570594458874747,4.489187130147664,28090.962082727012,385138.56317529106
76245.76864762916,3.5913126189144817,7.122297503032284,4.63472146856177,37197.579421481816,404049.2258842885
75807.03078052355,2.1830774072728807,7.543298029036388,5.109699841956223,17067.270421288362,341559.3925470404
39334.959480643636,1.8867416529521925,7.048860070325705,4.409818656928513,20435.63623181991,224300.5910569955
45932.62440127316,6.21201990269128,7.040591691203883,3.7587423453814575,34724.062778803775,322537.52567596966
67725.5290081299,2.439141295007434,6.298008312193245,4.672573701202731,44841.16028535965,359534.38783952396
67706.78926368314,8.50958836396873,6.337099082449052,5.899881934895216,33556.1334878566,399052.80812133517
67725.71529459071,0.8361411842325559,5.597394728200307,3.8673662536174263,26869.419694768458,297484.96090673364
117790.97235982082,8.392912736580076,8.749576743186939,3.0254706953293584,29992.91405423354,562720.8312486447
68563.35766039751,5.422034934405237,5.756136764608715,5.107080669286972,17495.922660302826,325712.8261480481
77033.48460270898,4.806573776259215,6.307094802204093,3.8796188360464017,36045.15326355367,405874.8870277209
74310.02645239803,3.9101618263821005,6.281592734430802,1.8273304539859638,38823.33062323409,379739.6246850129
69770.86876958697,5.798272228704142,7.8949243769444415,4.847421677150422,25479.0966716692,353429.92543014436
55270.96133039481,4.9247305951503035,6.705050321707972,3.4646718140460773,25299.578522404983,309790.43515404366
71384.53830739901,7.2066037640330425,8.247742072673734,3.9094667176958393,32658.782296520483,379594.59587781254
48407.621781936425,5.228455297324079,6.326509375756132,4.3319803305690145,25632.802639594047,295324.6113064672
56447.72089889987,5.300603522923756,7.278994162223802,4.190499679779067,29338.673853741777,334654.8306339878
52719.54678256345,4.272775575572288,6.164652946740243,4.70945181713904,50997.217891665154,337199.4406982023
61228.112090794835,4.886108752557865,9.145149127773388,3.5645136294301567,27529.742992540032,341695.1596403263
94719.87850010264,5.615603537784119,5.812401580970487,4.513105798176083,26416.59847978778,450778.6616764322
31991.02211112378,1.5796632146867489,7.309820710227028,3.7404533224160827,23524.58194364841,197791.40552088356
70293.9028556177,2.303629155788574,7.633776880932098,4.738810480887503,37441.91971499937,345859.26905060705
35809.26193215523,6.48652818804543,7.4137990974514985,4.615367484013054,28187.758267818972,289784.94869246753
52921.0220131585,5.341730876255884,6.814712341122291,3.0645612979554047,23506.26961678574,319021.47024243604
76334.25895451049,4.632033327294642,6.870179300266574,5.085982116175032,43213.04032273012,406309.0082340995
60964.200286431944,5.036867866130787,7.04381147197911,3.464036554885952,44196.03004513637,373915.10043462744
43833.82833106041,5.695163410723342,6.852997998371511,4.808057798281145,23995.76434261295,293740.5125293692
49270.444361100475,3.920480639381277,7.96387911679491,4.367287313401341,11334.600486393836,250814.46833529524
70193.96623402013,3.4433905491953745,9.210523001591351,5.838183676795122,40075.13689836922,378042.0019986209
49044.50052424295,5.391690510195363,6.442508214992166,3.7765340176281477,23153.70174239996,299432.1644012469
63246.878843729624,3.0432544447699357,5.630197020420923,3.6506832038818025,37906.25599162769,348288.1872590969
60683.5775985572,5.816505511428944,6.911717951648745,3.9805803941122675,10298.961822881643,308962.27070393617
50225.99478591274,1.5948327915243192,9.579709337654318,3.6968202171657247,38925.97338299309,290972.3026265501
92159.16133987988,7.058311274651287,6.196325432030269,4.79994190194205,17888.280707192185,443289.28026156675
69508.78533477016,5.9451949648260864,8.639116805444068,2.3836893915634123,37307.64119066524,385246.84186612937
29622.861200135892,5.5120594686277515,8.677700814076442,2.9463175808536457,30142.73067836434,250204.4010637889
62796.814721541414,6.965381967891028,6.4464117582920055,2.932197078420807,20460.60580603355,340485.30674879946
50073.20302847418,8.330948888925153,7.5689830791852755,4.9503075919735755,25929.636870732196,348675.50650315976
72786.50002194336,7.028740130036261,8.628396623128538,5.710613372581925,36863.184569567005,425476.2401316555
48112.188923509486,1.3182515373367094,6.620872259012513,3.8955507814625285,31058.94453115234,264681.08906780696
58278.95337799651,2.440846066528597,6.796419639897638,3.8311782768099896,35844.12980472484,317210.92046301445
67574.80918470686,3.7503628446086426,6.418319086051357,4.070052163113181,49764.405845154855,380423.7141334345
72986.32791255182,5.052182100421668,5.985243269307134,5.161878302608191,14357.583882889487,344027.34060458816
41995.55389416336,6.035318040938246,6.350722454933993,3.0726468658094257,46172.12574968624,291287.3988205908
54982.481462385775,3.548512373693069,5.7760597332377435,4.2383689827347855,31043.55937523213,296910.6489155126
52875.82033258566,5.373533528954157,7.034083468259226,4.975197629782429,21012.15951676872,301921.1472708648
50200.06151139432,3.489234135293355,6.230026768941358,4.5010941699398455,16696.8637426101,247528.4347207281
86481.81360421646,3.7769643940161037,7.233785911790748,4.189581616598743,28108.796092229666,401844.0029075366
66074.72566441433,2.1866778063035555,5.444104353796373,5.001046092567141,39216.501119244596,333701.85903902265
41086.74068497433,3.1535335077781914,7.330880232214457,1.2967677070007628,28724.508796224658,269047.26828338293
73767.92920582164,2.2966307887673327,7.833528961608924,4.677875319530908,45111.549302473475,398746.7868093402
91832.3429551895,3.0482534940453343,5.006264357428544,3.3459243168725763,15488.24309948441,364021.1647346969
75486.9789082672,7.107283593215679,7.374056569847572,2.169367103143543,29879.110521539453,396992.6336398953
37209.4505106898,3.1012022223361138,8.227668992473292,4.511202599524981,17476.06555586881,227013.7793725007
52736.48890700623,10.26476412967478,5.790358981308795,5.373658545162957,33636.31882624968,363312.26290553954
79003.66723779934,5.9866358017617785,8.672572386837704,3.862551485372308,38868.873900973005,427653.3222781762
49384.958015718286,5.369672247389747,7.419019009366045,4.9528745472029385,25792.382063189467,292854.38409979147
66657.29142219343,3.2832844396375727,6.294988144241591,5.612278257988645,3957.8614337286563,272113.78541822336
71619.51080144005,6.4006197588179825,6.944230922342294,5.314914453584048,31989.481467964946,394421.7886863121
46096.04292632875,3.848724347524452,7.558326912521722,5.639964529371393,34367.3855173351,300877.0027524705
59107.119659072996,5.244019629290723,7.076005391412411,4.7421274910718925,34042.947549616976,334668.57471196604
11380.989898963911,10.12016907653759,7.538755992446369,4.075433638901592,42357.82191822154,274858.50584637176
44634.185379985654,4.8078802005507,6.079326406920634,2.3980341881028315,19289.463203509513,249437.20767163852
56211.4777291026,7.298546652571352,7.169360824036078,3.7539375118700513,36802.1610545045,361110.5533463306
41283.25227052726,3.593647149748225,5.58628550309502,3.1567534046838084,41925.075124779745,286084.7530095908
84486.16955897454,4.930023019006077,6.888773938651299,6.170942717497814,12214.124159934832,373636.6166680691
38547.87933059051,8.54160127127102,6.09609235853521,3.8241141875676634,33196.518259189776,310128.786512084
53399.332699545244,3.746065884424465,6.264470057410233,4.123204806784486,24958.201689923284,281979.5237844713
61961.10865929137,8.624897115993857,8.236093175210437,4.551485376040468,29184.77326898354,378820.614469632
81619.09933599173,6.415503870910951,8.091310120594269,4.043602446372454,33476.764835383365,422451.02757476433
38462.06773230841,3.8750664482114647,7.609138120907177,5.695051040430753,25127.714358864476,246362.3056167639
77447.45628232439,6.264815478111042,5.907687235327421,3.377350638265548,23242.919208383883,376001.75786686176
60153.4959152938,6.9451088992534595,6.683591550305198,4.194607455237243,30341.524174880247,336915.61476153944
45277.37023428074,6.243619924434393,8.213097699979183,3.2575294143019518,19127.540611371973,279192.40102700883
66931.55211394906,1.8595505602190872,7.141716913639905,2.6799774887792944,19141.748711148146,295893.4439783958
62985.895433602054,3.545725648350263,9.319329539981695,3.3882309090947147,36793.73282956504,348813.720436583
50996.74684261808,4.504962728896991,7.3933178393943715,3.9629632029515878,18512.059648413437,277541.52825781825
61047.031274850284,4.851133141799908,7.192049116490032,3.5706977754827403,36663.12500909212,347462.6743955486
54220.2960470736,6.241344195101356,6.690883535797498,3.307579020126144,34625.91292853951,339190.14684941375
61702.76017876872,5.355402001866508,7.133540904782282,2.593682536328166,12741.932712094032,313746.4063170523
69931.9601178157,2.3293112825797975,6.8475301636194565,3.916894427371305,23224.35347664345,315111.4875368892
83790.25224218029,5.760395702011927,7.708108676688591,2.4952796259689975,41941.09403047372,424355.99588909716
41432.76751759727,6.221171490567646,7.956702316794584,4.760055963689602,20188.34468860318,265769.8862245957
91995.500619844,6.11958089586208,6.21401053949205,4.082439752934503,25355.957376906124,422257.12856334494
30718.68300716247,7.161561451109243,5.6687670464422215,2.5424485005350697,34620.60893251897,262922.4004527339
57723.22357446625,6.667844309097808,5.163794626896704,3.6907909229501366,37833.90509282595,341016.5183184379
68824.75809726864,5.918360158456873,7.507991326912544,3.247843594409417,27484.611139555043,351701.57533636736
64214.87801602549,4.859668577082706,5.896633393826127,4.31917451041918,24024.898053083583,322851.42364029784
50659.50720269109,1.6780781329680172,4.847109407047517,5.340450446023144,44223.69861698508,293937.4143001472
56878.16624464087,5.859236438265172,7.388578604530964,2.1248275303542554,47388.99663797579,371147.69913424493
52604.985980117504,5.4153753743262225,9.492999517432791,4.115026079147417,39788.580507817955,341666.6919136263
51159.52864583683,5.543157674390747,6.993929088460106,3.8398672044333595,30853.18142565024,309135.9271624514
72744.03145531537,2.446502848359381,7.838490774451642,4.671340076450465,21917.342783590735,325799.9593534075
65355.23228947571,2.8378869191834752,7.081829358547565,4.213196628237689,21695.55593443435,311356.82627459604
49606.35607109019,7.1063057066658075,6.901110346808857,3.248030668261181,35225.14105265758,322849.7341139023
73493.99813149875,4.92088969228669,7.9190764829877685,3.680946064333382,34183.98220888684,390747.4084111544
64609.49281314914,6.363001394745249,6.709725455811348,3.203974143196511,44015.985929464296,367588.3748919371
72192.9317825844,5.056636752260922,7.267392314071903,5.076007138598598,36504.50092536139,383046.8438441173
69444.43262885418,5.05951227899149,7.321697806196013,4.021311648671942,14969.19698240182,336529.0003615225
47565.07483616892,6.876567611951995,6.331909546356951,5.901190685753008,40519.47617722918,337800.1272490009
51597.284397045456,3.967910543565252,7.992042349536523,3.939339186185379,20019.393726855873,309278.97284035897
71209.40407684892,5.192241553881967,6.825040243304591,3.291593233089537,26160.287280476485,362077.5902587005
69155.55398150197,4.075449422589915,6.244254840507155,2.486285607387173,32502.002062516945,339378.45974432904
59686.47609053778,4.131007545135369,7.536509843570403,2.1968603237440547,49956.67489783964,361404.48091309564
61759.91074963173,4.381655753062721,6.101532018208963,2.4158640569945105,61099.18556005361,368871.5857699989
79164.97343682637,5.444267543267426,7.028181157369128,4.267126651011483,36067.230591361826,406941.21852177806
51126.42916746255,4.042502756673045,6.990881003355796,4.508725023229934,28168.033812796122,285781.67718794156
68206.46071755057,7.511512251147042,8.085895565831578,2.418809297967867,35345.0564848055,404845.6168144284
56967.110213491585,3.2107853955609924,7.474698232879953,4.895038314076116,38876.55425873836,322430.458160158
56734.78195159169,4.626256711677282,6.974973041254856,3.5169389483165605,26793.323744428082,310794.644405359
76481.65277980786,4.12053788345165,7.817766299200287,4.146793011985549,47952.11355912322,407581.403398115
72381.24523482045,7.893955768707466,8.390207549017314,5.612220628255424,32300.70759191402,431248.7010954948
72202.64454000958,5.393109553023149,7.557810306351862,4.896839315865532,34977.43089091394,384864.19343439944
79582.18210731493,7.063689078937269,7.01035261984338,3.7314693520941677,36659.24252054461,443542.194390604
60315.05762449138,2.028879253926056,5.68816376764984,3.1088077745847125,34215.86610614456,312465.6496336251
70229.29456942446,5.534100531738518,5.934886336924627,1.848184598670695,38389.40500469612,380999.16719036916
55345.99865109816,6.779261591246874,6.694775295645332,3.28084668075758,23827.46813453077,325208.4494477418
64862.49528732663,5.164567978550848,6.390487797840716,3.7888697611723057,24416.982460539693,338535.2820622785
58047.85418448473,7.130960750130702,6.813028697014554,3.012820472848816,18998.457670283053,304264.14403264166
61454.93947489077,3.9654230997992554,7.0566499248971075,3.8687430329076955,34395.01230620226,333040.97578386276
68927.3553815537,7.81869488037116,7.529692754356731,4.076851882958768,37789.36503512114,414801.49226815935
47726.689751497914,9.5977962472385,6.9295012219409085,3.7751440181919214,34577.72866151886,350022.3113612638
91385.8091352819,4.274322879120682,7.486501643826202,3.3499974191765403,46744.92433347537,440471.1094534517
44909.73927750447,4.1089949571984565,7.06447441481012,4.168654671966728,29944.039811709536,278842.8839401264
41787.17080818402,7.906768954235401,5.024533433646129,4.441940649569409,36687.41655592513,328851.6387086807
77371.66310250101,8.159144291461425,6.060664606181246,2.909600922557154,19082.991238606857,400463.8567306987
71874.94040944404,3.9542799456934636,6.855912444278385,5.41093237974627,26129.00297525599,351907.01352300285
69361.79725578232,4.159626365808285,5.790305257158892,3.9014118677157383,36955.377575657774,369861.25336855213
69425.1826389642,4.436430782278985,7.599928729996204,4.018849622944848,38491.02110743144,371994.17064673547
59816.29840729628,2.311098977931446,8.530750832343697,4.708214423256557,27060.330523358178,291712.01318788406
46541.18442771253,3.1626961070316035,8.218761851697316,4.233216131263502,29284.007481419332,270134.11095601035
61137.068372905895,2.9917184664958643,6.786557129069792,4.953136633913245,14821.262533191906,302438.8614483176
49842.574327318325,3.464404869791743,8.490726136849952,4.287124165201824,26429.707991933905,285319.13586010056
74626.79600126627,4.930630225226437,7.148667457202111,3.3875626253595623,38903.83163519786,391078.97626943834
57794.13927746792,5.468429465073042,6.662914028881961,4.361503525206102,35752.050161065665,338610.00803733873
47617.54204811233,8.101000985628154,6.38659733645906,2.856273792679338,35006.6572138121,350562.85059162683
55179.2123752051,3.003291918522418,6.697530313511872,4.108559705776523,30497.7368718096,314530.3901871918
66193.97181413436,6.968644796953168,6.611823181458771,3.9667700093555394,30070.631586281765,391590.0848449845
51544.13170794038,4.572022311548982,7.170416222375488,3.7918831427274604,23396.78860526553,288991.5907431739
47666.69406650353,4.901072580695134,7.160573981049865,3.871462488561069,36988.284202025345,312489.41618035507
63655.30817237868,6.3496389843332075,7.003046020153414,2.1181509545023607,34209.7294438939,346966.87976381986
63674.49856663084,2.7545559568754028,7.43693816974635,3.4512750922590385,34920.188479927994,347266.0175229351
52395.85236943305,5.764819492368101,8.190646274786342,4.092844901141115,24739.651573324198,301776.1808421632
52934.425415725156,5.332904416426112,7.949554135441324,4.1598563919974,8466.570801287555,279300.7011128394
63480.74906036454,5.984902528016298,5.5151020315500965,2.9723248590740416,40971.527117536956,354781.46129590063
38278.73487754013,5.5783372878156365,4.446078865098045,5.2657078408647005,25211.62543991596,247915.97013044136
38888.04338435167,9.91060027982179,7.934319911239274,3.133825151785499,21372.242359568794,296081.2432196808
49223.33668121346,3.7245200314973683,5.633121301584579,4.969457200526737,36934.78911913994,290810.5568991122
56798.292724322295,3.9380060899963647,6.775234598107317,4.427194361871685,26079.873600808703,299274.02095733816
64663.61348397007,3.753718947150471,5.82988697394064,3.353772690156197,40599.36384046622,343101.0499051122
82130.34325424329,3.8890457616794905,5.19801956241998,5.775310892609512,36170.059495766975,403495.66508618067
72864.8943480303,3.7252257453869646,7.541462728204788,2.8063631682435197,36835.69323200478,361789.7390088559
57600.922050548594,7.378033062215104,7.7591551603026465,4.919154173610002,16340.442887994657,330103.48096865806
59714.75688145967,7.841008495979709,6.423489599273281,5.000582318042978,42119.43985386401,396091.43946741207
44962.05953043287,3.8585074125010475,4.40895770785509,3.329379790923355,32612.50531233856,262267.84781697445
59722.30296011415,3.3352888537915426,6.453755551747517,5.392465300064329,26307.228607537967,301008.774084724
55670.120416197926,5.942831112772808,7.3918040054025465,3.749953485401047,31433.88467342251,331460.1224691793
64840.778405071345,3.8955539114380575,5.521088431225872,4.288693629279857,12237.647671016799,305933.25116992433
47591.53584671515,6.265863635511021,7.183359919779155,4.260321838771221,34086.52811480671,319984.8197108409
67790.19771361758,5.405846041702599,6.984690150827005,3.865691258529452,19706.284918179284,334184.31371935527
82991.08369503866,1.9685117700055361,7.579291499601088,4.8108082731597825,16473.297141564653,353961.80362450605
58368.597773147136,8.095010402660122,7.119580368414153,4.793488720552213,14776.408137821089,319770.67140649573
66025.67583148413,8.591755346191043,6.026931059118445,2.2514680267618195,41126.88374989925,407699.53490970656
70352.1598756667,3.7744226190312276,8.196571501664492,5.304340242878153,23707.366063072113,351893.049014553
53981.692921712456,4.224596880128032,6.84147042697303,2.3375080119643257,45337.27709916499,330669.88521215256
63361.38722715625,5.57173078144981,6.972695460490068,5.032546204341657,24641.98536947702,331628.15196158225
60188.88601172692,5.66891357997405,6.066732040926804,5.126705136827583,12926.420424070533,294828.8959385169
61465.14147823248,6.317088545345661,6.55671774880849,2.9090335697848015,18834.75560051341,329185.650336252
48404.853242168,9.0204090775327,6.115197285973099,3.589185712045415,42358.11620006939,370179.04578081664
60367.652613884144,4.646105545011901,6.827053940076577,2.8942953315140643,28441.018220633327,317996.83262616117
67469.97436868175,3.4034055109230925,8.711708480142343,3.7850789697112646,24517.12703509399,341190.79966111324
81767.15411692562,2.2413615439709456,5.628098857068643,3.6919657158142587,31600.18225852788,345569.5978384931
74389.0623912781,3.538139920116162,5.386438602123259,4.7796605322693395,35017.82736167545,359229.5778669298
92297.73686267334,4.933746054252405,8.471170327493608,5.310308746119608,41173.98815902461,461244.5272495916
48489.78655667926,8.589115727035576,6.7906763228481335,5.395683810789956,44484.99229892926,355978.4166042543
73084.80955081017,3.964777401927657,6.330927261340084,3.437831973421698,26402.313542109143,340872.0662615733
62750.130086075274,5.447575903277797,8.039904687396076,3.7907781262554723,16739.52313917962,317308.47969416546
92847.04399826509,4.967154207854496,6.394384460263136,2.31656180777905,25865.34838876724,419470.34405101225
47875.525719672725,7.376786546896168,8.826009713546936,3.1941299335038114,32602.805065828863,331245.0710103162
47404.17236728836,10.053864851747242,7.677925871339269,4.9648516330974575,20362.410737893893,309413.0073847668
51009.11031833967,3.938262454159359,6.5120885918542974,5.615582823548232,20428.490851049573,255851.5442787291
28141.564135352895,4.021121114963556,9.157308213265503,2.765651128120078,33437.87881549886,236760.85273068788
52113.674674788585,7.0883217541381445,6.3942850769966615,3.4075357408471056,29513.47648429549,329614.55726155126
48613.01007669453,6.363782979252623,7.742095372009307,3.973594243041073,30327.969954115866,289315.4168497179
62255.906797143114,8.693414651472068,7.299292580406492,4.280161158819607,22415.046652999306,358591.44367030397
65126.339636657394,6.167856370651927,8.301741289398798,3.1903964800783537,27695.99285794233,355076.5891743526
88142.56258823829,4.281415818425881,8.561511196726853,4.424061044464089,20757.668557316956,414296.2389182545
74256.35757279076,6.181309661384619,7.0320041490657665,3.526160652929084,38901.98411124787,400748.2614887726
51346.44516506395,7.2174071611658155,6.246582129653817,3.9855477291217207,40352.49334723753,349952.28975524683
46523.77992977463,6.640964362394728,7.459972142939116,4.546284248003699,11538.121377619063,276862.22678008693
67378.78757259759,6.014548062214596,6.322284630247894,4.006422269810938,20704.8913980759,322010.2290288799
40196.501894690366,7.133349379178307,9.013387247526623,3.5636141094734315,15034.707449099209,281868.65099694993
87471.8814878153,7.3385911808913455,7.1365353310827375,3.8903901960741694,23499.76065593102,428418.4996863464
77691.60181081931,7.764317982075054,6.634678448687891,3.911637040794665,29165.62030209639,415128.5785791759
52962.365218429426,6.297419775179286,7.184680305864909,3.6299889701178722,15503.547803014699,335314.1455470341
34302.98206363684,4.665763839366291,5.6528737104703035,3.7412039373328976,20781.40186874687,206035.03535409863
80308.0856124812,5.293427372866645,6.028385961489349,5.598647170504717,19960.426279185012,392365.57377054734
58281.902321210735,7.413017933016714,8.200413907944425,4.560919447941239,32072.67329398944,360370.66612337925
78567.24467960192,3.366128658025528,6.343105721028604,3.7045196819708397,30693.443370362504,372747.7643729009
36083.58511808449,5.737346617745803,5.95308901731806,4.696954404510736,22782.624466627465,249893.7019075658
51009.374655693406,4.213322375345278,7.536652752527286,3.66618051024399,31768.20872139398,299471.0266124649
60078.65549577275,5.057489645869635,8.185704154662997,5.173124637586641,24533.199154127346,325453.70202037
60704.70890647113,7.556903725214598,7.718953310665067,4.369642192198094,27283.44889673947,362879.20005848986
53249.01792781134,5.382198136039807,7.9960476858058165,3.8926978559957712,46734.52090298537,339631.97412410664
69342.74898521249,5.092873096312298,6.2432049114305395,4.447716925810278,43404.61051790348,393383.4490385583
43985.69355926108,2.2802877180401615,5.578189333258156,2.4291238479315007,17004.187630724024,217355.58343293413
57864.3077246806,6.492507132054442,8.501333651955488,2.8732325310901947,38297.32417879174,352065.08278372395
61804.434475678485,6.29096836228215,6.677320161157864,2.8060749936009444,38113.96554491592,359049.54035272193
67716.58251088124,9.32650944661092,6.749166983544953,4.142943094763707,18517.367112473818,388052.7894995784
70674.22317133335,4.384443530093998,8.328194141849059,5.732514999485092,38187.77643754861,379995.30752809043
43130.36862243196,5.438300655327878,7.55623000940066,6.231300146192632,45379.31918412553,328361.0373103105
36988.287438965664,5.498767367421511,7.455887772081607,4.638051101440757,18774.55193755586,242747.61817235866
79165.15232847763,8.15490655952695,9.165002344901083,4.500844474944457,20824.971789857365,423100.38533404766
64984.71017969387,4.809408935226096,6.356481769619857,2.1989422658472613,40176.614668435024,366436.8199959085
48772.701951651696,5.558043051540679,7.927840128081237,3.457326200265978,32714.95310825648,332368.3839607771
83267.27963283785,6.215793019433079,7.057013124897084,3.212216248091761,35514.76275239523,422943.1532633116
61735.11951439288,5.3732182463127165,7.268592278863257,3.379152401748884,33405.89216400497,355537.13957970886
77689.45776095739,4.107132770898944,8.528468426412532,3.8318561814152106,33906.95920928144,393240.349300707
61012.777221151635,5.388179985796615,7.507835756289624,3.527909422302873,16735.27871688917,327944.40439988347
90911.21887322981,7.1472634997195446,7.538296079049633,2.020700189624212,40473.177066214485,459697.20264772314
86330.11263664806,2.9469694011778795,8.072507337309801,4.7479102561175335,41695.899924277735,429160.24209783535
56265.5377728139,5.265939348293752,6.635047270457115,2.9272569742601933,27706.092559319724,313950.9692596578
74573.56426431533,3.599758370121654,6.160790332660993,4.239246864111149,29565.230501861377,357489.3011183276
69680.63924377722,7.390093257849685,5.955190805978966,6.0740826697499735,14688.924974442778,355162.3444725926
80529.47336298523,1.9536261904324506,5.0336434106239984,3.0806154084135766,35142.54756017835,365261.6289478508
45526.14809129843,3.8821563054568236,9.056207129940322,1.4697124772536703,35720.57441714144,293899.3263357358
70290.7718999766,5.754423750129042,5.896791634278317,3.713995778119889,29378.08983000689,366231.81442057056
75876.36730274382,8.13104805846868,6.778746376414228,5.100959634998571,41243.53359870503,451303.4814180184
33618.90770365328,4.868499477854025,6.723186700111079,5.958347454220593,26659.227690200594,258247.29853505007
42251.12231001337,3.8896009466136032,7.307406697809101,2.7704504055475834,35646.059258936,287710.9751391578
29411.51733359849,8.76231413888118,7.815737212539297,4.496699223236522,19803.356613078846,258981.09586469576
55958.89748333163,2.103972199167512,7.860473488359745,3.5346895432199466,29764.478491257618,285924.7096701407
70763.13383693944,0.6023880867598361,6.416922561431061,3.8940516456958645,28256.45742097164,324251.9189012845
82535.35578144042,5.880028900106665,6.832878286213589,6.644343347017035,32253.079220409418,427126.0608366068
61111.42170629663,3.9958915512947777,7.2825799504883,2.497029671604847,26304.730711666416,332036.3079083315
84429.23318356938,2.9575343657385735,6.751308873816453,4.253739661494573,28685.274043283323,376457.8087270396
39298.47812677663,6.416712894598707,8.607345576019993,4.467693171765434,38260.47171441506,308260.1344251744
34449.26340967268,5.487601427542398,7.490974951638251,5.085786324939347,25632.357627617825,240720.12554249328
59166.78451655072,3.871842738526543,7.734877786049817,4.097983153470896,13934.228992613207,287032.88309672615
65760.98173408961,2.439391202658211,7.662881268667412,4.308050539504102,47495.839042054205,373564.7478410991
59509.578778588606,6.744914656560289,8.173473857485325,3.6083514325782087,43814.540786904865,377026.08283547946
28988.36849940185,6.300402355917322,7.181021558703707,4.269126941245108,17077.373048943813,234972.0347832834
58663.19940730817,4.801648272441234,5.703168052044154,3.6568077245025896,36897.07805245194,331724.6617004886
40432.9574924272,8.693273992095332,7.399687951752641,4.6215718898560505,24970.25229448657,307654.27080789895
70045.08823245058,2.859830467347695,6.348643106208171,3.630389663956366,32634.872153310596,331530.3946382468
65498.973691452724,1.9489496581505223,6.471383318250243,4.377100393902187,32942.24129013494,323834.1121115279
45901.80320508967,3.616183860237511,7.586364018755093,3.970737186315022,27655.92199683678,245141.02696871592
52291.9962399496,4.908827967289004,8.238283071433635,5.126050250772169,22162.343344136036,299863.50935810356
44111.79717166573,5.486678898645383,7.021271576736062,3.948606276411514,23094.589476837406,260090.1974544778
59059.813540902425,4.5175278842873405,7.308833012598964,2.2269675317931186,20838.080845187575,317088.926448005
74327.13480751857,5.704110793028594,8.702214944635237,5.261921500713992,21681.777917695552,385195.059440482
45214.10930496684,2.496921151619112,7.240753179488569,3.094267699137381,29328.217099506448,266326.9847454829
67560.69773276767,7.887529208146519,9.601683114180394,3.3462336613511803,22842.40010889248,397153.13066275127
52046.13572441339,4.835697643214862,7.565509645631544,3.404338705956508,36820.520657126195,313283.4853514636
48106.907516064835,7.234591663176255,5.239237240844182,5.374438093170817,44872.46155335927,360830.25665639376
58394.544600681635,5.685450692755408,7.753341621104532,1.8643257860213045,24199.467586299572,332254.35122236726
44471.365163709386,5.913506438307568,7.381158384882777,7.137748533659994,32394.04500535377,306152.98600445583
51695.26041979227,6.139534560464408,8.289752754082745,5.056056809066051,34996.85110302934,349391.9079304548
42031.831611167276,5.8954171200346295,7.6731813512699585,4.223238914129159,34720.022709192745,290239.1609127254
89470.87699374584,6.285445519735088,6.861544016016226,3.9451059993837134,30759.552679160875,426738.982000482
60528.95327957593,7.658305060264863,5.775701763710634,4.285554074857657,37426.82418359722,364387.2785444424
49504.117380111216,5.39304233940294,6.7909767427139744,4.521122428379338,34822.489526806574,309795.1060776646
63209.69866101333,6.418007515177025,6.1494795457907,4.645215585950057,17623.37577672702,318528.1751615154
58315.07925463755,4.820528611425546,6.419476550195277,4.555604466003448,38691.560643892735,353973.06751989014
56685.45600700165,7.880234430898946,7.58857840442061,4.089580681255248,38872.90837266742,370138.0384562445
69212.50050065138,3.6472153958814606,8.669904504351406,3.802661579692674,22367.138958214186,343323.8287419083
71362.61565070957,8.60188086582163,7.394671529822981,3.8487267163464884,30379.37835447602,399832.7097369681
52042.48278584209,4.919684098711313,5.804116937964816,3.805091719647319,36833.289928110695,297415.6043244943
51362.7263903298,2.1384497957639037,7.44460266822014,5.133770096867065,27906.861804206383,281477.5278557903
55874.22454272534,5.2562088298215786,8.196631486645652,4.593556722280862,40729.78047766012,332692.0440053043
25471.18252896623,3.6378966850502383,6.390217095680618,1.0596113653357198,53638.72494619361,253453.93207800813
37272.13406702172,6.681287097977448,6.865982833327083,4.655900776529761,22140.139673650177,252868.11785950678
80503.11401166787,3.694752041395218,7.014688194729197,4.194736194718775,16189.55396846225,374171.6437412719
84674.51570251926,4.107633133570441,6.21510168691776,3.981291243554103,33038.18595604876,409327.9684988039
56264.45940665432,1.220918538108938,7.648280433843859,3.611481546911114,37215.625051261435,301955.71687933156
68648.35444583649,4.095387361501847,6.8790518513922185,5.124112719986013,27691.33626155231,359562.1609491124
64668.75231815304,0.15224134674208667,7.419532443907028,4.947526462122858,44532.606633210344,323123.4390574242
106183.21212682856,1.8321943530285534,6.1125078221979,3.227122332176391,16613.94200276751,412551.0414783495
76793.62367151865,6.520829312288595,6.56254169967659,4.407052287124535,36929.18623031611,413072.4540078933
58081.2361277885,6.571600317301664,7.722381357827771,3.028343265458714,23941.391792411065,335151.28927459725
45666.89339099362,5.85091512356993,6.627166847908233,2.6203818352110693,47193.779062072965,340997.52244385704
35903.30519613641,3.066047713741574,8.726963851233405,3.373282775410035,49925.15353168118,295927.00562397245
63051.954538008344,4.90457728771604,6.600363814385398,4.862393472382759,22333.43412216652,328482.3473804612
48654.73882073545,4.992794921818863,7.224684725751886,4.953125045376087,24504.4286409142,274381.822319452
38666.19435603489,2.6832706216149145,7.93259083187309,4.513085420097293,38595.87886979802,259111.70907061524
50301.4067363621,8.006796603534301,5.581634267066969,4.725095786847997,26128.693502104856,319360.8468217126
43776.779945784074,6.7547245811513426,5.239191188019224,4.5161782871149585,29545.887820677617,294131.3975473135
85307.12452608848,4.558071652340672,5.474343685429905,3.3585184047770476,30253.884205424103,384796.57650248474
73224.59635424176,5.053771677989062,8.262584103427182,4.431922544673941,10803.268438023435,366111.57508093066
59880.41038025074,5.416765615895105,6.448141854107553,4.800409525227682,29861.62253905763,350537.60125134734
82199.16208335038,0.9165302631514187,9.558199285668252,4.754291329813574,23102.722259358263,365288.9956921751
61160.524614714275,4.5056452349588065,6.4357524013426115,5.1889133714746425,25068.77177600228,321952.5271082353
47080.73698007604,3.6360315040044027,7.184551303197037,4.708303847201064,44436.32003468814,309692.44056102424
82846.86115904486,2.996759980210169,8.542109952567875,4.351448207541583,17434.93105720744,355272.3069713513
68083.65065526988,4.43779941422809,9.006092888159124,5.070150238316428,38132.05186747977,380838.61994566716
44441.30768510315,8.595373053699046,9.061503576636397,3.9734787407509398,27210.370696681915,329530.3957517751
57144.91982874588,6.28168572253402,8.208366230593143,3.118125348772282,27202.398315041657,323516.8894373551
46865.726199228644,3.8576420204344064,8.024062525811463,3.836933036056236,37903.718960517115,306116.97959668294
39258.00403553496,6.145165562712317,7.592526949201183,3.255097355193551,33400.512945688904,288946.93259325135
